{"0":{"Campbells":0.0079365079,"Cup":0.0,"Progresso":0.0921568627},"1":{"Campbells":0.0486111111,"Cup":0.1304347826,"Progresso":0.0411764706},"10":{"Campbells":0.1498015873,"Cup":0.5217391304,"Progresso":0.0647058824},"11":{"Campbells":0.0446428571,"Cup":0.0,"Progresso":0.0549019608},"12":{"Campbells":0.0615079365,"Cup":0.0434782609,"Progresso":0.0509803922},"13":{"Campbells":0.0158730159,"Cup":0.0,"Progresso":0.0745098039},"14":{"Campbells":0.0466269841,"Cup":0.0,"Progresso":0.0333333333},"15":{"Campbells":0.0,"Cup":0.0,"Progresso":0.0431372549},"16":{"Campbells":0.0,"Cup":0.0,"Progresso":0.0490196078},"17":{"Campbells":0.1071428571,"Cup":0.0434782609,"Progresso":0.0431372549},"18":{"Campbells":0.0238095238,"Cup":0.0,"Progresso":0.0019607843},"19":{"Campbells":0.0257936508,"Cup":0.0,"Progresso":0.1156862745},"2":{"Campbells":0.0416666667,"Cup":0.0,"Progresso":0.0882352941},"3":{"Campbells":0.0625,"Cup":0.1739130435,"Progresso":0.0039215686},"4":{"Campbells":0.0436507937,"Cup":0.0,"Progresso":0.0039215686},"5":{"Campbells":0.0575396825,"Cup":0.0,"Progresso":0.0647058824},"6":{"Campbells":0.0744047619,"Cup":0.0,"Progresso":0.0294117647},"7":{"Campbells":0.0138888889,"Cup":0.0,"Progresso":0.0843137255},"8":{"Campbells":0.0863095238,"Cup":0.0,"Progresso":0.0549019608},"9":{"Campbells":0.0882936508,"Cup":0.0869565217,"Progresso":0.0058823529}}